id;first_name;last_name;email;phone_number;address_id
1;Ayana;MacGyver;Quentin.Cole@gmail.com;Home Loan Account National;41668
2;Kadin;Hand;Aileen40@hotmail.com;asymmetric leading-edge out-of-the-box;38704
3;Elenor;Beatty;Clarabelle.Littel48@gmail.com;Accounts Licensed Wooden Gloves Security;65225
4;Reina;Walker;Virginie.McCullough76@yahoo.com;deposit panel;93657
5;Allan;Gulgowski;Vada.Wunsch@yahoo.com;New Jersey;17619
6;Ubaldo;Hayes;Nicolas.Durgan@yahoo.com;Mobility Savings Account;88462
7;Sharon;Osinski;Emmie.Lowe92@hotmail.com;Kids French Guiana;55295
8;Bryana;Johnson;Shad64@gmail.com;Gorgeous Communications Nebraska;26005
9;Delmer;Schinner;Ezequiel.Koepp70@hotmail.com;Consultant Kids world-class;63943
10;German;Cummings;Weston.Kub11@hotmail.com;Chips Ergonomic Rubber Chicken Ergonomic Frozen Soap;74546
